id,date,weight,weight_avg,cal
1,5/15/2015,180,182.2,2900
2,5/16/2015,181,181.93,2430
3,5/17/2015,180,181.79,3030
4,5/18/2015,181,181.64,2680
5,5/19/2015,181,181.4,2925
6,5/20/2015,182,181.33,2825
7,5/21/2015,182,181.46,2480
8,5/22/2015,181,181.66,2680
9,5/23/2015,180,181.83,2700
10,5/24/2015,182,181.7,2575
11,5/25/2015,180,181.87,2600
12,5/26/2015,179,181.7,2640
13,5/27/2015,180,181.47,3035
14,5/28/2015,180,181.19,2800
15,5/29/2015,180,180.84,2835
16,5/30/2015,180,180.7,2675
17,5/31/2015,180,180.61,2465
18,6/1/2015,179,180.37,2790
19,6/2/2015,180,180.2,2615
20,6/3/2015,181,180.31,2865
21,6/4/2015,179,180.44,2725
22,6/5/2015,180,180.37,2790
23,6/6/2015,179,180.24,2690
24,6/7/2015,180,180.19,2690
25,6/8/2015,179,180.14,2660
26,6/9/2015,179,180.21,2625
27,6/10/2015,179,180.03,2705
28,6/11/2015,179,179.74,2825
29,6/12/2015,179,179.71,2400
30,6/13/2015,179,179.67,2670
31,6/14/2015,180,179.69,2550
32,6/15/2015,179,179.74,3000
33,6/16/2015,179,179.64,2510
34,6/17/2015,180,179.67,2415
35,6/18/2015,179,179.74,2810
36,6/19/2015,179,179.67,2705
37,6/20/2015,177,179.61,2690
38,6/21/2015,178,179.31,2700
39,6/22/2015,178,179,3090
40,6/23/2015,177,178.9,2910
41,6/24/2015,177,178.53,2840
42,6/25/2015,179,178.17,2725
43,6/26/2015,178,178.21,2935
44,6/27/2015,177,178.07,2660
45,6/28/2015,178,178,2640
46,6/29/2015,177,178.01,2930
47,6/30/2015,177,177.89,2665
48,7/1/2015,177,177.97,2620
49,7/2/2015,177,177.91,2940
50,7/3/2015,177,177.63,2845
51,7/4/2015,177,177.47,2670
52,7/5/2015,177,177.5,2750
53,7/6/2015,176,177.39,3060
54,7/7/2015,177,177.29,2965
55,7/8/2015,177,177.27,2335
56,7/9/2015,178,177.27,3245
57,7/10/2015,178,177.37,2540
58,7/11/2015,178,177.54,2575
59,7/12/2015,176,177.61,2620
60,7/13/2015,177,177.49,3025
61,7/14/2015,177,177.57,3170
62,7/15/2015,177,177.51,2625
63,7/16/2015,176,177.61,2870
64,7/17/2015,177,177.39,2840
65,7/18/2015,177,177.3,2965
66,7/19/2015,177,177.23,2660
67,7/20/2015,176,177.3,2750
68,7/21/2015,175,177.11,2830
69,7/22/2015,175,176.91,3130
70,7/23/2015,175,176.64,3915
71,7/24/2015,177,176.44,3920
72,7/25/2015,176,176.37,3640
73,7/26/2015,178,176.26,3695
74,7/27/2015,178,176.46,2910
75,7/28/2015,177,176.76,3630
76,7/29/2015,177,177.07,2725
77,7/30/2015,177,177.27,3265
78,7/31/2015,176,177.57,4560
79,8/1/2015,177,177.43,3720
80,8/2/2015,177,177.51,3950
81,8/3/2015,178,177.43,3670
82,8/4/2015,179,177.46,3320
83,8/5/2015,179,177.66,3620
84,8/6/2015,179,177.91,3705
85,8/7/2015,178,178.21,3405
86,8/8/2015,179,178.54,2890
87,8/9/2015,178,178.79,3300
88,8/10/2015,179,178.8,3395
89,8/11/2015,178,178.96,3265
90,8/12/2015,179,178.86,3220
91,8/13/2015,179,178.86,3660
92,8/14/2015,178,178.86,3655
93,8/15/2015,179,178.88,2280
94,8/16/2015,178,178.89,3470
95,8/17/2015,179,178.92,3405
96,8/18/2015,178,178.98,3405
97,8/19/2015,179,179.01,3640
98,8/20/2015,178,179.09,3680
99,8/21/2015,179,178.95,3165
100,8/22/2015,178,178.99,3075
101,8/23/2015,178,178.83,3610
102,8/24/2015,181,178.8,3410
103,8/25/2015,180,178.96,3130
104,8/26/2015,179,179.2,3590
105,8/27/2015,178,179.11,3750
106,8/28/2015,181,179.16,3530
107,8/29/2015,181,179.49,2985
108,8/30/2015,179,180,3700
109,8/31/2015,182,180.27,3760
110,9/1/2015,180,180.41,2970
111,9/2/2015,179,180.4,3600
112,9/3/2015,180,180.43,3535
113,9/4/2015,182,180.69,2885
114,9/5/2015,179,180.79,3065
115,9/6/2015,179,180.47,3960
116,9/7/2015,180,180.34,3430
117,9/8/2015,181,180.11,3555
118,9/9/2015,180,180.3,4030
119,9/10/2015,180,180.5,4040
120,9/11/2015,180,180.46,3715
121,9/12/2015,180,180.24,3040
122,9/13/2015,180,180.33,3830
123,9/14/2015,181,180.56,3850
124,9/15/2015,181,180.67,3360
125,9/16/2015,180,180.6,3790
126,9/17/2015,181,180.57,3835
127,9/18/2015,179,180.71,4115
128,9/19/2015,181,180.6,3195
129,9/20/2015,181,180.87,4030
130,9/21/2015,181,181,4290
131,9/22/2015,183,181.1,4215
132,9/23/2015,183,181.37,3955
133,9/24/2015,181,181.8,3820
134,9/25/2015,182,181.89,3765
135,9/26/2015,180,182.3,3720
136,9/27/2015,181,182.1,4115
137,9/28/2015,184,182.04,3770
138,9/29/2015,183,182.43,3370
139,9/30/2015,183,182.49,3990
140,10/1/2015,182,182.49,3920
141,10/2/2015,183,182.67,3530
142,10/3/2015,182,182.73,3470
143,10/4/2015,181,183.04,4010
144,10/5/2015,183,183.14,3760
145,10/6/2015,183,182.94,3870
146,10/7/2015,184,182.91,4080
147,10/8/2015,184,183.09,3395
148,10/9/2015,183,183.33,3335
149,10/10/2015,183,183.36,3965
150,10/11/2015,182,183.46,3920
151,10/12/2015,185,183.53,3765
152,10/13/2015,185,183.81,3535
153,10/14/2015,185,184.1,3750
154,10/15/2015,185,184.21,3455
155,10/16/2015,185,184.29,3630
156,10/17/2015,181,184.61,3800
157,10/18/2015,182,184.37,4295
158,10/19/2015,184,184.43,3805
159,10/20/2015,185,184.34,3565
160,10/21/2015,185,184.36,3990
161,10/22/2015,186,184.34,3520
162,10/23/2015,185,184.54,3465
163,10/24/2015,183,184.5,3800
164,10/25/2015,184,184.8,3900
165,10/26/2015,185,185.06,3850
166,10/27/2015,185,185.16,3710
167,10/28/2015,185,185.11,3880
168,10/29/2015,185,185.06,4095
169,10/30/2015,185,184.96,3510
170,10/31/2015,186,185.01,3825
171,11/1/2015,185,185.39,3935
172,11/2/2015,186,185.59,3895
173,11/3/2015,185,185.79,3565
174,11/4/2015,185,185.86,3355
175,11/5/2015,186,185.99,3465
176,11/6/2015,186,186.04,3500
177,11/7/2015,186,186.1,3740
178,11/8/2015,186,186.07,3850
179,11/9/2015,186,186.16,4065
180,11/10/2015,186,186.17,3805
181,11/11/2015,186,186.3,3625
182,11/12/2015,187,186.34,3600
183,11/13/2015,185,186.51,3575
184,11/14/2015,186,186.49,3810
185,11/15/2015,186,186.5,3775
186,11/16/2015,187,186.49,3835
187,11/17/2015,188,186.59,3760
188,11/18/2015,188,186.9,3685
189,11/19/2015,189,187.23,3980
190,11/20/2015,188,187.5,3805
191,11/21/2015,187,187.83,3265
192,11/22/2015,186,188.01,4020
193,11/23/2015,188,188.09,4520
194,11/24/2015,188,188.21,3665
195,11/25/2015,187,188.11,3670
196,11/26/2015,189,187.94,3715
197,11/27/2015,188,188,3745
198,11/28/2015,189,188.11,3655
199,11/29/2015,188,188.39,3830
200,11/30/2015,189,188.56,4025
201,12/1/2015,189,188.69,3200
202,12/2/2015,190,188.87,3765
203,12/3/2015,190,189.26,3565
204,12/4/2015,190,189.31,3570
205,12/5/2015,190,189.57,3595
206,12/6/2015,189,189.67,3810
207,12/7/2015,190,189.81,3810
208,12/8/2015,189,190,3835
209,12/9/2015,190,190.09,3880
210,12/10/2015,189,190.1,3830
211,12/11/2015,190,189.99,3760
212,12/12/2015,191,189.96,3395
213,12/13/2015,191,190.09,3790
214,12/14/2015,192,190.4,3870
215,12/15/2015,191,190.61,3710
216,12/16/2015,192,190.86,3620
217,12/17/2015,190,191.13,3860
218,12/18/2015,191,191.31,3635
219,12/19/2015,191,191.46,3485
220,12/20/2015,189,191.49,3655
221,12/21/2015,190,191.27,3780
222,12/22/2015,191,190.99,3670
223,12/23/2015,191,190.96,3410
224,12/24/2015,190,190.87,3425
225,12/25/2015,189,190.9,3495
226,12/26/2015,191,190.67,3510
227,12/27/2015,189,190.76,3570
228,12/28/2015,191,190.66,3700
229,12/29/2015,191,190.8,3490
230,12/30/2015,191,190.8,3645
231,12/31/2015,189,190.79,3880
232,1/1/2016,190,190.57,3640
233,1/2/2016,191,190.69,3005
234,1/3/2016,189,190.67,3725
235,1/4/2016,192,190.67,3760
236,1/5/2016,192,190.9,3865
237,1/6/2016,192,191.01,3495
238,1/7/2016,192,191.14,3545
239,1/8/2016,192,191.64,3570
240,1/9/2016,192,191.93,2515
241,1/10/2016,191,192.06,3560
242,1/11/2016,191,192.39,3545
243,1/12/2016,191,192.21,3490
244,1/13/2016,191,192.14,3860
245,1/14/2016,191,192.04,3515
246,1/15/2016,191,191.9,3700
247,1/16/2016,194,191.66,2385
248,1/17/2016,190,191.86,3695
249,1/18/2016,190,191.77,3730
250,1/19/2016,191,191.69,3820
251,1/20/2016,190,191.67,3550
252,1/21/2016,191,191.46,3625
253,1/22/2016,191,191.34,3625
254,1/23/2016,191,191.46,3200
255,1/24/2016,192,191.1,4220
256,1/25/2016,191,191.3,3725
257,1/26/2016,192,191.36,3730
258,1/27/2016,193,191.49,3775
259,1/28/2016,193,191.99,3545
260,1/29/2016,191,192.4,3620
261,1/30/2016,193,192.29,3550
262,1/31/2016,194,192.51,3740
263,2/1/2016,195,192.81,3585
264,2/2/2016,194,193.43,2810
265,2/3/2016,191,193.73,3750
266,2/4/2016,192,193.47,3570
267,2/5/2016,193,193.21,3670
268,2/6/2016,193,193.6,3050
269,2/7/2016,192,193.66,3610
270,2/8/2016,194,193.39,4110
271,2/9/2016,196,193.2,3890
272,2/10/2016,193,193.44,3420
273,2/11/2016,192,193.69,3740
274,2/12/2016,190,193.7,4015
275,2/13/2016,194,193.29,2670
276,2/14/2016,193,193.37,3570
277,2/15/2016,191,193.5,3555
278,2/16/2016,193,193.13,3760
279,2/17/2016,192,192.66,3000
280,2/18/2016,193,192.5,3545
281,2/19/2016,194,192.67,3485
282,2/20/2016,192,193.2,2920
283,2/21/2016,191,192.94,3765
284,2/22/2016,193,192.74,4100
285,2/23/2016,193,192.93,3610
286,2/24/2016,194,193.04,4010
287,2/25/2016,195,193.3,3730
288,2/26/2016,193,193.59,3770
289,2/27/2016,194,193.4,3535
290,2/28/2016,193,193.64,3405
291,2/29/2016,192,193.91,3520
292,3/1/2016,193,193.86,3775
293,3/2/2016,194,193.87,3480
294,3/3/2016,194,193.97,3830
295,3/4/2016,194,193.77,3685
296,3/5/2016,196,193.93,3665
297,3/6/2016,194,194.21,3370
298,3/7/2016,194,194.26,3950
299,3/8/2016,194,194.51,3810
300,3/9/2016,193,194.59,4065
301,3/10/2016,195,194.46,3435
302,3/11/2016,194,194.63,4195
303,3/12/2016,195,194.67,3270
304,3/13/2016,194,194.53,3790
305,3/14/2016,194,194.57,4515
306,3/15/2016,195,194.63,3805
307,3/16/2016,196,194.71,4340
308,3/17/2016,195,195.01,4090
309,3/18/2016,195,195.11,3450
310,3/19/2016,194,195.21,3110
311,3/20/2016,194,195.11,4050
312,3/21/2016,197,195.14,3590
313,3/22/2016,195,195.5,3705
314,3/23/2016,197,195.6,3710
315,3/24/2016,197,195.74,3735
316,3/25/2016,196,195.91,4070
317,3/26/2016,199,196.11,3785
318,3/27/2016,195,196.81,3720
319,3/28/2016,197,197,3980
320,3/29/2016,197,196.96,3915
321,3/30/2016,197,197.26,3735
322,3/31/2016,197,197.3,3445
323,4/1/2016,197,197.29,3855
324,4/2/2016,198,197.44,3310
325,4/3/2016,196,197.34,3790
326,4/4/2016,197,197.46,3700
327,4/5/2016,197,197.53,4015
328,4/6/2016,196,197.43,3985
329,4/7/2016,197,197.36,3975
330,4/8/2016,199,197.37,3865
331,4/9/2016,199,197.54,4020
332,4/10/2016,199,197.73,3955
333,4/11/2016,200,198.07,3725
334,4/12/2016,198,198.43,3835
335,4/13/2016,200,198.67,4360
336,4/14/2016,199,199.17,4015
337,4/15/2016,199,199.5,3850
338,4/16/2016,200,199.56,3040
339,4/17/2016,199,199.63,3710
340,4/18/2016,198,199.71,3570
341,4/19/2016,198,199.46,3985
342,4/20/2016,198,199.41,4120
343,4/21/2016,198,199.16,4045
344,4/22/2016,199,199.01,3735
345,4/23/2016,199,199,3715
346,4/24/2016,199,198.91,4325
347,4/25/2016,199,198.86,4025
348,4/26/2016,199,199.03,4290
349,4/27/2016,201,199.2,3910
350,4/28/2016,200,199.67,3955
351,4/29/2016,200,200.03,3810
352,4/30/2016,201,200.23,3280
353,5/1/2016,198,200.43,3525
354,5/2/2016,201,200.34,3400
355,5/3/2016,199,200.63,3720
356,5/4/2016,199,200.63,3580
357,5/5/2016,200,200.36,4010
358,5/6/2016,200,200.23,2880
359,5/7/2016,198,200.13,2905
360,5/8/2016,198,199.74,3420
361,5/9/2016,201,199.64,3555
362,5/10/2016,198,199.63,3465
363,5/11/2016,198,199.5,3480
364,5/12/2016,198,199.34,3610
365,5/13/2016,199,199.19,3360
366,5/14/2016,199,199.04,3405
367,5/15/2016,200,199.16,3260
368,5/16/2016,199,199.44,3180
369,5/17/2016,197,199.24,3375
370,5/18/2016,195,199.09,3225
371,5/19/2016,197,198.66,3365
372,5/20/2016,198,198.4,3335
373,5/21/2016,196,198.34,3210
374,5/22/2016,197,197.97,2900
375,5/23/2016,197,197.67,3460
376,5/24/2016,196,197.26,3110
377,5/25/2016,195,197.09,3445
378,5/26/2016,196,197.06,2890
379,5/27/2016,196,196.93,3190
380,5/28/2016,196,196.57,2810
381,5/29/2016,194,196.53,3225
382,5/30/2016,196,196.09,3220
383,5/31/2016,196,196.06,3005
384,6/1/2016,196,196.09,2795
385,6/2/2016,195,196.14,2770
386,6/3/2016,194,195.99,3035
387,6/4/2016,195,195.74,3005
388,6/5/2016,194,195.57,2925
389,6/6/2016,194,195.54,2920
390,6/7/2016,194,195.26,2795
391,6/8/2016,193,194.93,3340
392,6/9/2016,194,194.51,3040
393,6/10/2016,194,194.37,3060
394,6/11/2016,192,194.33,3085
395,6/12/2016,193,194,3220
396,6/13/2016,193,193.8,3120
397,6/14/2016,193,193.6,2955
398,6/15/2016,193,193.43,3095
399,6/16/2016,192,193.41,2915
400,6/17/2016,192,193.21,2750
401,6/18/2016,192,193,2865
402,6/19/2016,191,192.91,2955
403,6/20/2016,193,192.66,2585
404,6/21/2016,191,192.61,2900
405,6/22/2016,190,192.3,2885
406,6/23/2016,192,192,2760
407,6/24/2016,191,191.93,2780
408,6/25/2016,191,191.79,2510
409,6/26/2016,191,191.6,2755
410,6/27/2016,190,191.6,2715
411,6/28/2016,189,191.29,2800
412,6/29/2016,189,191.11,2825
413,6/30/2016,189,190.91,2930
414,7/1/2016,188,190.5,2735
415,7/2/2016,188,190.11,3005
416,7/3/2016,189,189.81,2980
417,7/4/2016,187,189.59,3100
418,7/5/2016,187,189.04,3145
419,7/6/2016,186,188.64,3075
420,7/7/2016,186,188.27,2830
421,7/8/2016,186,187.84,3440
422,7/9/2016,186,187.47,3230
423,7/10/2016,186,187.19,2940
424,7/11/2016,186,186.74,3570
425,7/12/2016,187,186.67,3665
426,7/13/2016,187,186.74,3015
427,7/14/2016,187,186.8,2580
428,7/15/2016,186,187.01,2425
429,7/16/2016,186,187.04,2635
430,7/17/2016,186,186.96,3220
431,7/18/2016,186,186.86,3020
432,7/19/2016,186,186.81,2920
433,7/20/2016,183,186.61,2920
434,7/21/2016,183,186.11,2790
435,7/22/2016,185,185.43,2960
436,7/23/2016,184,185.21,2760
437,7/24/2016,185,184.89,3435
438,7/25/2016,185,184.81,2930
439,7/26/2016,183,184.64,3070
440,7/27/2016,184,184.26,2830
441,7/28/2016,183,184.36,2950
442,7/29/2016,183,184.4,3230
443,7/30/2016,183,184.11,2700
444,7/31/2016,182,183.97,2870
445,8/1/2016,182,183.6,3145
446,8/2/2016,182,183.26,3010
447,8/3/2016,183,183.11,3280
448,8/4/2016,182,182.99,3105
449,8/5/2016,182,182.86,3680
450,8/6/2016,183,182.84,2845
451,8/7/2016,182,182.9,2655
452,8/8/2016,181,182.86,2710
453,8/9/2016,181,182.73,3090
454,8/10/2016,182,182.64,3055
455,8/11/2016,181,182.44,2770
456,8/12/2016,181,182.34,2665
457,8/13/2016,180,182.16,2570
458,8/14/2016,181,181.8,2655
459,8/15/2016,180,181.67,3005
460,8/16/2016,179,181.44,2640
461,8/17/2016,180,181.16,2980
462,8/18/2016,180,180.9,2810
463,8/19/2016,179,180.71,2935
464,8/20/2016,178,180.39,3110
465,8/21/2016,180,179.97,2835
466,8/22/2016,179,179.86,3195
467,8/23/2016,180,179.77,2855
468,8/24/2016,180,179.8,2950
469,8/25/2016,178,179.8,2635
470,8/26/2016,178,179.54,3040
471,8/27/2016,177,179.49,2945
472,8/28/2016,178,179.36,3005
473,8/29/2016,178,179.04,2820
474,8/30/2016,178,178.87,3170
475,8/31/2016,178,178.66,2660
476,9/1/2016,177,178.43,3180
477,9/2/2016,177,178.27,3125
478,9/3/2016,177,178.09,2330
479,9/4/2016,177,178.17,3320
480,9/5/2016,177,178,2975
481,9/6/2016,177,177.91,2875
482,9/7/2016,177,177.77,2915
483,9/8/2016,178,177.56,2505
484,9/9/2016,177,177.64,2905
485,9/10/2016,176,177.69,2525
486,9/11/2016,177,177.57,2720
487,9/12/2016,176,177.51,2745
488,9/13/2016,175,177.29,2990
489,9/14/2016,176,176.97,2610
490,9/15/2016,177,176.81,2630
491,9/16/2016,176,176.66,2720
492,9/17/2016,175,176.46,3165
493,9/18/2016,176,176.26,2460
494,9/19/2016,175,176.16,3095
495,9/20/2016,175,176.04,2790
496,9/21/2016,174,176.06,2480
497,9/22/2016,177,175.86,2615
498,9/23/2016,177,175.89,2525
499,9/24/2016,177,175.96,2665
500,9/25/2016,176,176.26,2735
501,9/26/2016,174,176.2,2640
502,9/27/2016,174,176.04,2885
503,9/28/2016,174,175.84,2600
504,9/29/2016,174,175.77,2625
505,9/30/2016,175,175.34,2690
506,10/1/2016,174,175.09,2760
507,10/2/2016,175,174.69,2620
508,10/3/2016,175,174.63,2590
509,10/4/2016,174,174.76,2380
510,10/5/2016,174,174.77,3075
511,10/6/2016,174,174.73,2490
512,10/7/2016,173,174.76,2525
513,10/8/2016,175,174.57,2840
514,10/9/2016,173,174.6,2690
515,10/10/2016,173,174.23,2710
516,10/11/2016,174,173.96,2675
517,10/12/2016,173,173.99,2695
518,10/13/2016,172,173.84,2945
519,10/14/2016,173,173.51,2550
520,10/15/2016,174,173.43,2875
521,10/16/2016,173,173.29,2480
522,10/17/2016,173,173.31,2630
523,10/18/2016,171,173.29,2385
524,10/19/2016,171,172.91,2645
525,10/20/2016,172,172.71,2620
526,10/21/2016,170,172.7,2715
527,10/22/2016,172,172.36,2860
528,10/23/2016,171,172.11,2495
529,10/24/2016,173,171.91,2675
530,10/25/2016,171,172,2590
531,10/26/2016,170,172,2695
532,10/27/2016,171,171.86,2720
533,10/28/2016,173,171.77,2495
534,10/29/2016,170,172.07,2790
535,10/30/2016,171,171.8,2300
536,10/31/2016,169,171.71,2680
537,11/1/2016,170,171.14,2630
538,11/2/2016,168,170.93,2595
539,11/3/2016,170,170.67,2680
540,11/4/2016,171,170.51,2530
541,11/5/2016,170,170.26,2400
542,11/6/2016,170,170.2,2565
543,11/7/2016,170,170.16,2495
544,11/8/2016,169,170.33,2420
545,11/9/2016,168,170.29,2515
546,11/10/2016,169,170.29,2330
547,11/11/2016,168,170.14,2330
548,11/12/2016,168,169.81,2555
549,11/13/2016,169,169.53,2775
550,11/14/2016,168,169.27,2750
551,11/15/2016,168,168.91,2500
552,11/16/2016,170,168.76,2455
553,11/17/2016,169,168.94,2335
554,11/18/2016,169,168.97,2525
555,11/19/2016,169,169.07,2205
556,11/20/2016,168,169.27,2390
557,11/21/2016,168,169.2,2560
558,11/22/2016,167,169.19,2495
559,11/23/2016,166,169.03,2485
560,11/24/2016,166,168.53,2495
561,11/25/2016,166,168.09,2550
562,11/26/2016,166,167.69,2850
563,11/27/2016,167,167.33,2595
564,11/28/2016,166,167.13,2645
565,11/29/2016,166,166.91,2475
566,11/30/2016,167,166.8,2220
567,12/1/2016,166,166.9,2720
568,12/2/2016,166,166.91,2590
569,12/3/2016,165,166.86,2230
570,12/4/2016,165,166.71,2770
571,12/5/2016,165,166.4,2345
572,12/6/2016,165,166.26,3070
573,12/7/2016,164,166.04,2620
574,12/8/2016,165,165.61,2630
575,12/9/2016,166,165.47,2320
576,12/10/2016,165,165.49,2680
577,12/11/2016,164,165.43,2540
578,12/12/2016,163,165.4,2560
579,12/13/2016,164,165.11,2740
580,12/14/2016,163,164.99,2455
581,12/15/2016,163,164.91,2515
582,12/16/2016,164,164.63,2295
583,12/17/2016,164,164.3,2645
584,12/18/2016,164,164.17,2910
585,12/19/2016,164,164.17,2695
586,12/20/2016,164,164.33,2575
587,12/21/2016,163,164.29,2480
588,12/22/2016,161,164.23,2255
589,12/23/2016,162,164,2560
590,12/24/2016,161,163.73,2770
591,12/25/2016,161,163.29,2955
592,12/26/2016,162,162.83,2955
593,12/27/2016,163,162.5,2660
594,12/28/2016,161,162.41,2395
595,12/29/2016,162,162.2,2490
596,12/30/2016,161,162.29,2495
597,12/31/2016,162,162.19,2410
598,1/1/2017,161,162.36,2520
599,1/2/2017,159,162.34,2690
600,1/3/2017,159,161.96,2185
601,1/4/2017,160,161.43,2685
602,1/5/2017,160,161.2,2380
603,1/6/2017,161,160.94,2635
604,1/7/2017,161,160.93,2680
605,1/8/2017,161,160.7,2575
606,1/9/2017,159,160.66,2465
607,1/10/2017,159,160.66,2455
608,1/11/2017,159,160.61,2450
609,1/12/2017,159,160.53,2450
610,1/13/2017,160,160.41,2430
611,1/14/2017,159,160.23,2825
612,1/15/2017,159,160,2585
613,1/16/2017,159,159.81,2515
614,1/17/2017,158,159.81,2470
615,1/18/2017,158,159.71,2800
616,1/19/2017,158,159.57,2715
617,1/20/2017,158,159.41,2655
618,1/21/2017,158,159.1,3065
619,1/22/2017,157,158.9,2770
620,1/23/2017,158,158.56,2960
621,1/24/2017,157,158.29,3180
622,1/25/2017,158,158.09,2350
623,1/26/2017,157,158.1,2845
624,1/27/2017,157,157.84,2700
625,1/28/2017,157,157.76,2990
626,1/29/2017,156,157.63,3130
627,1/30/2017,156,157.54,3305
628,1/31/2017,157,157.33,2435
629,2/1/2017,156,157.37,2610
630,2/2/2017,156,157.06,2555
631,2/3/2017,157,156.91,2615
632,2/4/2017,155,156.87,2935
633,2/5/2017,156,156.66,3915
634,2/6/2017,157,156.59,2440
635,2/7/2017,156,156.76,3340
636,2/8/2017,157,156.53,2740
637,2/9/2017,158,156.69,2670
638,2/10/2017,158,157.06,2500
639,2/11/2017,158,157.29,2580
640,2/12/2017,157,157.61,2785
641,2/13/2017,157,157.73,2570
642,2/14/2017,155,157.66,2715
643,2/15/2017,157,157.57,2885
644,2/16/2017,156,157.5,2685
645,2/17/2017,156,157.21,3160
646,2/18/2017,156,156.9,2865
647,2/19/2017,154,156.69,3005
648,2/20/2017,156,156.34,3150
649,2/21/2017,155,156.17,3380
650,2/22/2017,157,156.2,3295
651,2/23/2017,156,156.24,3070
652,2/24/2017,157,156.26,2720
653,2/25/2017,157,156.44,2815
654,2/26/2017,157,156.59,3140
655,2/27/2017,157,157.03,2860
656,2/28/2017,156,157.27,2935
657,3/1/2017,157,157.39,2905
658,3/2/2017,157,157.41,2410
659,3/3/2017,155,157.51,2880
660,3/4/2017,154,157.14,3165
661,3/5/2017,154,156.7,3085
662,3/6/2017,156,156.19,3040
663,3/7/2017,156,156.04,3010
664,3/8/2017,157,156.07,3305
665,3/9/2017,158,156.03,2545
666,3/10/2017,157,156.17,2805
667,3/11/2017,158,156.44,2810
668,3/12/2017,158,156.96,3145
669,3/13/2017,159,157.57,2900
670,3/14/2017,158,157.91,2840
671,3/15/2017,156,158.14,2900
672,3/16/2017,157,157.97,3225
673,3/17/2017,156,157.81,3075
674,3/18/2017,156,157.76,3235
675,3/19/2017,156,157.57,3680
676,3/20/2017,156,157.27,2815
677,3/21/2017,156,156.87,3095
678,3/22/2017,156,156.53,3585
679,3/23/2017,156,156.6,3400
680,3/24/2017,157,156.54,2705
681,3/25/2017,158,156.63,3425
682,3/26/2017,159,156.9,2990
683,3/27/2017,157,157.31,3795
684,3/28/2017,157,157.51,3575
685,3/29/2017,158,157.7,3185
686,3/30/2017,157,158.01,3795
687,3/31/2017,158,158.03,3460
688,4/1/2017,159,158.21,3310
689,4/2/2017,160,158.3,3200
690,4/3/2017,161,158.4,3410
691,4/4/2017,160,158.89,3085
692,4/5/2017,161,159.4,3125
693,4/6/2017,160,159.7,2925
694,4/7/2017,159,160.21,3120
695,4/8/2017,161,160.33,2665
696,4/9/2017,161,160.59,2825
697,4/10/2017,159,160.8,3175
698,4/11/2017,158,160.57,2750
699,4/12/2017,158,160.27,3565
700,4/13/2017,158,159.96,2940
701,4/14/2017,158,159.59,3180
702,4/15/2017,159,159.51,3665
703,4/16/2017,160,159.27,3260
704,4/17/2017,159,159.06,3480
705,4/18/2017,159,159.1,3030
706,4/19/2017,159,159.24,3135
707,4/20/2017,160,159.37,3090
708,4/21/2017,159,159.79,3170
709,4/22/2017,160,159.91,3310
710,4/23/2017,160,160.06,3335
711,4/24/2017,161,160.1,3075
712,4/25/2017,160,160.27,2915
713,4/26/2017,160,160.39,2935
714,4/27/2017,158,160.43,2965
715,4/28/2017,160,160.06,3235
716,4/29/2017,159,160.11,2895
717,4/30/2017,160,160,3475
718,5/1/2017,161,160.06,3310
719,5/2/2017,160,160.06,3265
720,5/3/2017,160,159.99,2395
721,5/4/2017,159,160.06,3295
722,5/5/2017,160,160.23,3055
723,5/6/2017,160,160.26,2995
724,5/7/2017,159,160.33,3175
725,5/8/2017,160,160.16,3460
726,5/9/2017,160,160.06,2615
727,5/10/2017,160,160.04,2740
728,5/11/2017,159,160.06,3265
729,5/12/2017,159,160,3085
730,5/13/2017,160,159.9,3110
731,5/14/2017,160,159.97,3385
732,5/15/2017,160,160.09,2875
733,5/16/2017,159,160.16,3035
734,5/17/2017,162,160.11,2875
735,5/18/2017,160,160.31,2865
736,5/19/2017,162,160.53,2670
737,5/20/2017,160,160.86,2755
738,5/21/2017,162,160.84,2985
739,5/22/2017,161,161.07,2995
740,5/23/2017,162,161.19,2760
741,5/24/2017,161,161.54,2865
742,5/25/2017,161,161.53,2650
743,5/26/2017,161,161.67,3015
744,5/27/2017,162,161.6,2955
745,5/28/2017,163,161.9,3050
746,5/29/2017,162,162.1,2870
747,5/30/2017,162,162.27,2790
748,5/31/2017,161,162.27,2865
749,6/1/2017,162,162.26,3025
750,6/2/2017,161,162.39,2855
751,6/3/2017,161,162.39,3045
752,6/4/2017,162,162.27,2550
753,6/5/2017,161,162.09,2835
754,6/6/2017,162,161.83,2950
755,6/7/2017,160,161.8,2565
756,6/8/2017,161,161.64,2875
757,6/9/2017,161,161.56,2865
758,6/10/2017,163,161.59,2845
759,6/11/2017,161,161.77,2840
760,6/12/2017,162,161.61,2725
761,6/13/2017,162,161.79,2840
762,6/14/2017,160,161.79,2715
763,6/15/2017,161,161.79,2300
764,6/16/2017,161,161.76,2915
765,6/17/2017,162,161.74,2645
766,6/18/2017,160,161.66,2835
767,6/19/2017,160,161.64,2765
768,6/20/2017,161,161.44,2740
769,6/21/2017,161,161.43,2850
770,6/22/2017,161,161.51,2550
771,6/23/2017,160,161.46,2685
772,6/24/2017,160,161.24,2675
773,6/25/2017,161,160.99,2700
774,6/26/2017,162,161.13,2655
775,6/27/2017,159,161.31,2545
776,6/28/2017,159,161.03,2660
777,6/29/2017,160,160.7,2735
778,6/30/2017,159,160.63,2985
779,7/1/2017,161,160.6,2450
780,7/2/2017,160,160.77,2680
781,7/3/2017,160,160.51,2665
782,7/4/2017,162,160.31,2675
783,7/5/2017,162,160.67,2680
784,7/6/2017,162,161.14,2695
785,7/7/2017,160,161.39,2580
786,7/8/2017,160,161.41,2650
787,7/9/2017,158,161.17,2735
788,7/10/2017,159,160.96,2615
789,7/11/2017,160,160.81,2645
790,7/12/2017,160,160.56,2760
791,7/13/2017,159,160.27,2900
792,7/14/2017,160,159.84,2695
793,7/15/2017,159,159.91,2810
794,7/16/2017,160,159.84,2510
795,7/17/2017,161,160.17,2695
796,7/18/2017,160,160.44,2690
797,7/19/2017,159,160.37,2875
798,7/20/2017,159,160.29,2725
799,7/21/2017,160,160.27,2455
800,7/22/2017,159,160.21,2680
801,7/23/2017,158,160.19,2710
802,7/24/2017,159,159.86,2770
803,7/25/2017,159,159.61,2665
804,7/26/2017,160,159.5,2960
805,7/27/2017,160,159.54,2480
806,7/28/2017,161,159.67,2645
807,7/29/2017,160,159.86,2660
808,7/30/2017,161,160.01,2690
809,7/31/2017,160,160.43,2650
810,8/1/2017,161,160.56,2770
811,8/2/2017,161,160.89,2660
812,8/3/2017,161,161.09,2725
813,8/4/2017,161,161.19,2725
814,8/5/2017,160,161.16,2715
815,8/6/2017,158,161.09,2720
816,8/7/2017,159,160.71,2720
817,8/8/2017,161,160.5,2725
818,8/9/2017,159,160.46,2750
819,8/10/2017,159,160.21,2610
820,8/11/2017,160,160.03,2840
821,8/12/2017,158,159.94,2740
822,8/13/2017,159,159.73,2710
823,8/14/2017,159,159.87,2735
824,8/15/2017,160,159.96,2735
825,8/16/2017,160,159.9,2695
826,8/17/2017,160,159.97,2635
827,8/18/2017,159,160.04,2445
828,8/19/2017,160,159.8,2615
829,8/20/2017,159,160.04,2680
830,8/21/2017,160,160.04,2865
831,8/22/2017,161,160.17,2535
832,8/23/2017,160,160.19,2710
833,8/24/2017,160,160.2,2715
834,8/25/2017,160,160.21,2740
835,8/26/2017,160,160.39,2930
836,8/27/2017,160,160.44,2495
837,8/28/2017,160,160.57,2685
838,8/29/2017,161,160.53,2675
839,8/30/2017,161,160.59,2705
840,8/31/2017,162,160.81,2735
841,9/1/2017,162,161.07,2705
842,9/2/2017,162,161.39,2635
843,9/3/2017,162,161.6,2710
844,9/4/2017,161,161.8,2550
845,9/5/2017,161,161.96,2510
846,9/6/2017,161,161.99,2650
847,9/7/2017,162,161.91,2585
848,9/8/2017,160,161.93,2665
849,9/9/2017,161,161.63,2650
